<?xml version="1.0" encoding="utf-8"?>
<!DOCTYPE hibernate-mapping PUBLIC "-//Hibernate/Hibernate Mapping DTD 3.0//EN"
"http://hibernate.sourceforge.net/hibernate-mapping-3.0.dtd">
<!-- 
    Mapping file autogenerated by MyEclipse Persistence Tools
-->
<hibernate-mapping>
    <class name="com.xie.domain.Loss" table="loss" catalog="shulan">
        <id name="lid" type="java.lang.Integer">
            <column name="lid" />
            <generator class="native" />
        </id>
        <many-to-one name="shelf" class="com.xie.domain.Shelf" fetch="select" lazy="false">
            <column name="shelf_id" />
        </many-to-one>
        <many-to-one name="product" class="com.xie.domain.Product" fetch="select"  lazy="false">
            <column name="product_id" />
        </many-to-one>
        <property name="losstime" type="java.sql.Timestamp">
            <column name="losstime" length="0" />
        </property>
    </class>
</hibernate-mapping>
