<?xml version="1.0" encoding="utf-8"?>
<!DOCTYPE hibernate-mapping PUBLIC "-//Hibernate/Hibernate Mapping DTD 3.0//EN"
"http://hibernate.sourceforge.net/hibernate-mapping-3.0.dtd">
<!-- 
    Mapping file autogenerated by MyEclipse Persistence Tools
-->
<hibernate-mapping>
    <class name="com.xie.domain.Product" table="product" catalog="shulan">
        <id name="pid" type="java.lang.Integer">
            <column name="pid" />
            <generator class="native" />
        </id>
        <property name="productName" type="java.lang.String">
            <column name="productName" length="20" />
        </property>
        <property name="salePrice" type="java.lang.Double">
            <column name="salePrice" precision="22" scale="0" />
        </property>
        <property name="supplier" type="java.lang.String">
            <column name="supplier" length="20" />
        </property>
        <property name="brand" type="java.lang.String">
            <column name="brand" length="20" />
        </property>
        <property name="cutoff" type="java.lang.Double">
            <column name="cutoff" precision="22" scale="0" />
        </property>
        <property name="costPrice" type="java.lang.Double">
            <column name="costPrice" precision="22" scale="0" />
        </property>
        <property name="leftNum" type="java.lang.Integer">
            <column name="leftNum" />
        </property>
        <property name="saleNum" type="java.lang.Integer">
            <column name="saleNum" />
        </property>
        <set name="losses"  lazy="false">
            <key>
                <column name="product_id" />
            </key>
            <one-to-many class="com.xie.domain.Loss" />
        </set>
        <set name="shelfs"  lazy="false" table="shelf_product" catalog="shulan">
            <key>
                <column name="product_id" />
            </key>
            <many-to-many entity-name="com.xie.domain.Shelf">
                <column name="shelf_id" />
            </many-to-many>
        </set>
    </class>
</hibernate-mapping>
