<?xml version="1.0" encoding="utf-8"?>
<!DOCTYPE hibernate-mapping PUBLIC "-//Hibernate/Hibernate Mapping DTD 3.0//EN"
"http://hibernate.sourceforge.net/hibernate-mapping-3.0.dtd">
<!-- 
    Mapping file autogenerated by MyEclipse Persistence Tools
-->
<hibernate-mapping>
    <class name="com.xie.domain.Roles" table="roles" catalog="shulan">
        <id name="rid" type="java.lang.Integer">
            <column name="rid" />
            <generator class="native" />
        </id>
        <property name="name" type="java.lang.String">
            <column name="name" length="20" />
        </property>
        <set name="users" lazy="false">
            <key>
                <column name="roles_id" />
            </key>
            <one-to-many class="com.xie.domain.User" />
        </set>
    </class>
</hibernate-mapping>
