<?xml version="1.0" encoding="utf-8"?>
<!DOCTYPE hibernate-mapping PUBLIC "-//Hibernate/Hibernate Mapping DTD 3.0//EN"
"http://hibernate.sourceforge.net/hibernate-mapping-3.0.dtd">
<!-- 
    Mapping file autogenerated by MyEclipse Persistence Tools
-->
<hibernate-mapping>
    <class name="com.xie.domain.Shelf" table="shelf" catalog="shulan">
        <id name="sid" type="java.lang.Integer">
            <column name="sid" />
            <generator class="native" />
        </id>
        <property name="place" type="java.lang.String">
            <column name="place" length="20" />
        </property>
        <property name="type" type="java.lang.String">
            <column name="type" length="20" />
        </property>
        <set name="losses" lazy="false">
            <key>
                <column name="shelf_id" />
            </key>
            <one-to-many class="com.xie.domain.Loss" />
        </set>
        <set name="products" table="shelf_product" catalog="shulan"  lazy="false">
            <key>
                <column name="shelf_id" />
            </key>
            <many-to-many entity-name="com.xie.domain.Product">
                <column name="product_id" />
            </many-to-many>
        </set>
    </class>
</hibernate-mapping>
