<?xml version="1.0" encoding="utf-8"?>
<!DOCTYPE hibernate-mapping PUBLIC "-//Hibernate/Hibernate Mapping DTD 3.0//EN"
"http://hibernate.sourceforge.net/hibernate-mapping-3.0.dtd">
<!-- 
    Mapping file autogenerated by MyEclipse Persistence Tools
-->
<hibernate-mapping>
    <class name="com.xie.domain.User" table="user" catalog="shulan">
        <id name="uid" type="java.lang.Integer">
            <column name="uid" />
            <generator class="native" />
        </id>
        <many-to-one name="roles" class="com.xie.domain.Roles" fetch="select" lazy="false" >
            <column name="roles_id" />
        </many-to-one>
        <property name="username" type="java.lang.String">
            <column name="username" length="20" />
        </property>
        <property name="password" type="java.lang.String">
            <column name="password" length="20" />
        </property>
        <property name="hiredate" type="java.util.Date">
            <column name="hiredate" length="0" />
        </property>
    </class>
</hibernate-mapping>
